Halaman teratas,Klik,Tayangan,RKT
https://www.alhikmah.my.id/2022/03/ramadhan.html,14,40,35%
https://www.alhikmah.my.id/search/label/KITAB/BUKU?max-results=10,11,47,23.4%
https://www.alhikmah.my.id/search/label/NU DAN BANOMNYA?max-results=10,9,32,28.12%
https://www.alhikmah.my.id/2020/09/batik-asal-muasal-makna-batik.html,7,14,50%
https://www.alhikmah.my.id/search/label/Islam?max-results=10,6,47,12.77%
https://www.alhikmah.my.id/2020/09/kitab-talim-mutaalim-dan-terjemahan.html,6,21,28.57%
https://www.alhikmah.my.id/search/label/INFORMASI?max-results=10,5,29,17.24%
https://www.alhikmah.my.id/search/label/KISAH HIKMAH?max-results=10,5,18,27.78%
https://www.alhikmah.my.id/2020/10/mau-ngaji-kitab-kuning-berikut-alamat.html,5,15,33.33%
https://www.alhikmah.my.id/2020/11/cara-cepat-diterima-google-adsensemaster.html,5,14,35.71%
https://www.alhikmah.my.id/2021/09/wallpaper.html,5,12,41.67%
https://www.alhikmah.my.id/search/label/media dakwah?max-results=10,4,49,8.16%
https://www.alhikmah.my.id/search/label/PENDIDIKAN?max-results=10,4,30,13.33%
https://www.alhikmah.my.id/p/aw-browsher.html,4,23,17.39%
https://www.alhikmah.my.id/2020/10/panduan-membuat-daftar-isi-sederhana.html,4,12,33.33%
https://www.alhikmah.my.id/2022/01/wudhu.html?m=1,4,12,33.33%
https://www.alhikmah.my.id/2022/03/,3,41,7.32%
https://www.alhikmah.my.id/2022/02/mazer.html,3,14,21.43%
https://www.alhikmah.my.id/2020/11/wa.html,3,9,33.33%
https://www.alhikmah.my.id/2022/01/sholawat28.html,3,9,33.33%
https://www.alhikmah.my.id/2022/02/kamaliyah.html,3,4,75%
https://www.alhikmah.my.id/2022/02/,2,35,5.71%
https://www.alhikmah.my.id/search/label/IMAGE?max-results=10,2,21,9.52%
https://www.alhikmah.my.id/2020/10/gerakan-pemuda-ansor-gp-ansor.html,2,16,12.5%
https://www.alhikmah.my.id/2020/10/meraih-penghasilan-dengan-google-adsense.html,2,14,14.29%
https://www.alhikmah.my.id/2021/11/,2,12,16.67%
https://www.alhikmah.my.id/search/label/SHOLAWAT NABI?max-results=10,2,10,20%
https://www.alhikmah.my.id/p/mp3-al-quran.html,2,9,22.22%
https://www.alhikmah.my.id/search/label/TUTORIAL?m=1,2,9,22.22%
https://www.alhikmah.my.id/search/label/الحديث?max-results=10,2,8,25%
https://www.alhikmah.my.id/2020/10/10-ilmuwan-muslim-pencipta-konsep.html,2,7,28.57%
https://www.alhikmah.my.id/2022/01/sholawat12.html,2,7,28.57%
https://www.alhikmah.my.id/2022/04/wallpaper.html,2,7,28.57%
https://www.alhikmah.my.id/2021/12/tahfizh.html,2,4,50%
https://www.alhikmah.my.id/p/daftar-isi-kata-kata-hikmah_29.html,2,4,50%
https://www.alhikmah.my.id/2021/09/gif.html,2,2,100%
https://www.alhikmah.my.id/2022/01/,1,22,4.55%
https://www.alhikmah.my.id/search/label/VIDIO?max-results=10,1,22,4.55%
https://www.alhikmah.my.id/search/label/Tech?max-results=10,1,16,6.25%
https://www.alhikmah.my.id/search/label/Sejarah?max-results=10,1,15,6.67%
https://www.alhikmah.my.id/,1,13,7.69%
https://www.alhikmah.my.id/2020/08/irmas-ikatatan-remaja-masjid.html,1,13,7.69%
https://www.alhikmah.my.id/2021/12/,1,12,8.33%
https://www.alhikmah.my.id/2022/02/sholawat32.html?m=1,1,9,11.11%
https://www.alhikmah.my.id/p/rss.html,1,9,11.11%
https://www.alhikmah.my.id/p/al-hikmah-center.html,1,7,14.29%
https://www.alhikmah.my.id/search?updated-max=2022-02-18T08:10:00%2B07:00&max-results=7,1,7,14.29%
https://www.alhikmah.my.id/p/jadwal-sholat.html,1,6,16.67%
https://www.alhikmah.my.id/p/quran.html,1,6,16.67%
https://www.alhikmah.my.id/search/label/PENDIDIKAN?m=1,1,5,20%
https://www.alhikmah.my.id/search/label/SHOLAWAT NABI?m=1,1,5,20%
https://www.alhikmah.my.id/2020/08/ilahi-lastu-lil-firdausi-ahla.html,1,4,25%
https://www.alhikmah.my.id/2021/12/sholawat2.html,1,3,33.33%
https://www.alhikmah.my.id/p/tafsir-web.html?m=1,1,2,50%
https://www.alhikmah.my.id/search?updated-max=2022-03-27T15:21:00%2B07:00&max-results=7,1,2,50%
https://www.alhikmah.my.id/2022/02/kullul-qulub.html,1,1,100%
https://www.alhikmah.my.id/p/perpustakaan.html,0,12,0%
https://www.alhikmah.my.id/search/label/TUTORIAL?max-results=10,0,11,0%
https://www.alhikmah.my.id/search/label/APLIKASI?max-results=10,0,8,0%
https://www.alhikmah.my.id/2020/09/pertanian-modern.html,0,7,0%
https://www.alhikmah.my.id/2022/04/,0,5,0%
https://www.alhikmah.my.id/search/label/KHUTBAH?max-results=10,0,5,0%
https://www.alhikmah.my.id/2020/12/daftar-25-lirik-sholawat-bahasa-jawa.html,0,4,0%
https://www.alhikmah.my.id/2022/02/kisah-hikmah.html,0,4,0%
https://www.alhikmah.my.id/search/label/APLIKASI?m=1,0,4,0%
https://www.alhikmah.my.id/search/label/Tokoh?max-results=8,0,4,0%
https://www.alhikmah.my.id/2020/10/kisah-sejarah-raden-fatah-kesultanan.html,0,3,0%
https://www.alhikmah.my.id/2022/01/?m=1,0,3,0%
https://www.alhikmah.my.id/2021/10/blog-post.html,0,2,0%
https://www.alhikmah.my.id/2022/01/sholawat5.html?m=1,0,2,0%
https://www.alhikmah.my.id/p/al-quran_28.html,0,2,0%
https://www.alhikmah.my.id/p/registrasi.html,0,2,0%
https://www.alhikmah.my.id/p/registrasi.html?m=1,0,2,0%
https://www.alhikmah.my.id/search/label/media dakwah,0,2,0%
https://www.alhikmah.my.id/2021/10/download-e-books.html?m=1,0,1,0%
https://www.alhikmah.my.id/2021/11/ai-khodijah.html,0,1,0%
https://www.alhikmah.my.id/2021/11/kisah-hikmah_40.html,0,1,0%
https://www.alhikmah.my.id/2022/01/wudhu.html,0,1,0%
https://www.alhikmah.my.id/2022/02/kullul-qulub.html?m=1,0,1,0%
https://www.alhikmah.my.id/p/kontak.html,0,1,0%
https://www.alhikmah.my.id/p/makkah-tv-live.html?m=1,0,1,0%
https://www.alhikmah.my.id/search/label/INFORMASI?updated-max=2022-03-11T20:09:00%2B07:00&max-results=10&start=5&by-date=false,0,1,0%
"https://www.alhikmah.my.id/search/label/KISAH 
HIKMAH?updated-max=2022-03-27T15:21:00%2B07:00&max-results=20&start=4&by-date=false",0,1,0%